{
  "0": {
    "precision": 0.9001135073779796,
    "recall": 0.7661835748792271,
    "f1-score": 0.8277661795407099,
    "support": 1035.0
  },
  "1": {
    "precision": 0.5416666666666666,
    "recall": 0.7647058823529411,
    "f1-score": 0.6341463414634146,
    "support": 374.0
  },
  "accuracy": 0.765791341376863,
  "macro avg": {
    "precision": 0.7208900870223232,
    "recall": 0.7654447286160841,
    "f1-score": 0.7309562605020623,
    "support": 1409.0
  },
  "weighted avg": {
    "precision": 0.8049686397938554,
    "recall": 0.765791341376863,
    "f1-score": 0.776372411307276,
    "support": 1409.0
  }
}